AM,Grigoryan
AM,Harutyunyan
AM,Sargsyan
AM,Hovhannisyan
AM,Khachatryan
AM,Hakobyan
AM,Petrosyan
AM,Vardanyan
AM,Gevorgyan
AM,Karapetyan
AM,Mkrtchyan
AM,Ghazaryan
AM,Manukyan
AM,Avetisyan
AM,Poghosyan
AM,Martirosyan
AM,Sahakyan
AM,Arakelyan
AM,Margaryan
AM,Davtyan
AZ,Mammadov
AZ,Aliyev
AZ,Huseynov
AZ,Hasanov
AZ,Guliyev
AZ,Ismayilov
AZ,Ahmadov
AZ,Abdullayev
AZ,Abbasov
AZ,Jafarov
BD,Akter
BD,Islam
BD,Khatun
BD,Hossain
BD,Rahman
BD,Ahmed
KH,Keo
KH,Khat
KH,Khay
KH,Khiev
KH,Khlot
KH,Kim
KH,Chhan
KH,Bird
KH,Chen
KH,Chhorn
KH,Chea
KH,Cheam
KH,Chin
KH,Chim
KH,Chey
KH,Chhet
KH,Chhim
KH,Nhek
KH,Duong
KH,Dith
KH,Din
KH,Dul
KH,Duong
KH,Droplets
KH,Tang
KH,Tat
KH,Taing
KH,Ty
KH,Tep
KH,Thy
KH,Khmer
KH,Pang
KH,Pok
KH,Bun
KH,Pen
KH,Phan
KH,means
KH,Phy
KH,Ma
KH,Mean
KH,Meas
KH,Muy
KH,Mul
KH,Meng
KH,Mao
KH,Yos
KH,Yun
KH,Yu
KH,Ros
KH,Lim
KH,Vang
KH,Vong
KH,Sor
KH,Sang
KH,Sam
KH,Sor
KH,Sang
KH,Sat
KH,San
KH,Say
KH,Sin
KH,Son
KH,Sok
KH,Song
KH,Son
KH,Suy
KH,So
KH,Su
KH,Soun
KH,Sieng
KH,Seng
KH,Sen
KH,Som
KH,Hong
KH,Hun
KH,Ho
KH,Long
KH,Ang
KH,Im
KH,Ong
KH,Uch
KH,Uy
KH,Eam
KH,Iv
KH,Um
KH,Ek
KH,Ok
KH,Om
CN,Wáng
CN,Wong
CN,Lǐ
CN,Lee
CN,Zhāng
CN,Cheung
CN,Liú
CN,Lau
CN,Chén
CN,Chan
CN,Yáng
CN,Yeung
CN,Huáng
CN,Wong
CN,Zhào
CN,Chiu
CN,Ng
CN,Wú
CN,Zhōu
CN,Chow
CN,Tsui
CN,Xú
CN,Suen
CN,Sūn
CN,Ma
CN,Mǎ
CN,Chu
CN,Zhū
CN,Hú
CN,Wu
CN,Guō
CN,Kwok
CN,Ho
CN,Hé
CN,Lam
CN,Lín
CN,Gāo
CN,Ko
CN,Law
CN,Luó
GE,Beridze
GE,Mamedovi
GE,Mamedov
GE,Kapanadze
GE,Gelashvili
GE,Alievi
GE,Aliyev
GE,Maisuradze
GE,Giorgadze
GE,Lomidze
GE,Tsiklauri
GE,Bolkvadze
GE,Kvaratskhelia
GE,Nozadze
GE,Khutsishvili
GE,Shengelia
GE,Abuladze
GE,Mikeladze
GE,Tabatadze
GE,Mchedlishvili
GE,Bairamov
GE,Bairamovi
GE,Gogoladze
IN,Devi
IN,Kumar
IN,Singh
IN,Sharma
IN,Ali
IN,Yadav
IN,Patel
IL,Cohen
IL,Levi
IL,Levy
IL,Mizrahi
IL,Mizrachi
IL,Peretz
IL,Biton
IL,Dahan
IL,Avraham
IL,Friedman
IL,Malka
IL,Malcah
IL,Azoulay
IL,Katz
IL,Yosef
IL,David
IL,Amar
IL,Omer
IL,Ochion
IL,Ohayon
IL,Hadad
IL,Chadad
IL,Gabai
IL,Ben-David
IL,Edri
IL,Edry
IL,Adrei
IL,Adary
IL,Levin
IL,Tal
IL,Klein
IL,Chen
IL,Khen
IL,Shapira
IL,Chazan
IL,Hazan
IL,Moshe
IL,Ashkenazi
IL,Ohana
IL,Segal
IL,Segel
IL,Golan
JP,Satō
JP,Suzuki
JP,Takahashi
JP,Tanaka
JP,Watanabe
JP,Itō
JP,Nakamura
JP,Kobayashi
JP,Yamamoto
JP,Katō
JP,Yoshida
JP,Yamada
JP,Sasaki
JP,Yamaguchi
JP,Matsumoto
JP,Inoue
JP,Kimura
JP,Shimizu
JP,Hayashi
JP,Saitō
JP,Saitō
JP,Yamasaki
JP,Yamazaki
JP,Nakajima
JP,Nakashima
JP,Mori
JP,Abe
JP,Ikeda
JP,Hashimoto
JP,Ishikawa
JP,Yamashita
JP,Ogawa
JP,Ishii
JP,Hasegawa
JP,Gotō
JP,Okada
JP,Kondō
JP,Maeda
JP,Fujita
JP,Endō
JP,Aoki
JP,Sakamoto
JP,Murakami
JP,Ōta
JP,Kaneko
JP,Fujii
JP,Fukuda
JP,Nishimura
JP,Miura
JP,Takeuchi
JP,Nakagawa
JP,Okamoto
JP,Matsuda
JP,Harada
JP,Nakano
JP,Ono
JP,Tamura
JP,Fujiwara
JP,Fujihara
JP,Nakayama
JP,Ishida
JP,Kojima
JP,Wada
JP,Morita
JP,Uchida
JP,Shibata
JP,Sakai
JP,Hara
JP,Takagi
JP,Takaki
JP,Yokoyama
JP,Andō
JP,Miyazaki
JP,Miyasaki
JP,Ueta
JP,Ueda
JP,Shimada
JP,Kudō
JP,Ōno
JP,Miyamoto
JP,Sugiyama
JP,Imai
JP,Maruyama
JP,Masuda
JP,Takata
JP,Takada
JP,Murata
JP,Hirano
JP,Ōtsuka
JP,Sugahara
JP,Sugawara
JP,Taketa
JP,Takeda
JP,Arai
JP,Koyama
JP,Oyama
JP,Noguchi
JP,Sakurai
JP,Chiba
JP,Iwasaki
JP,Sano
JP,Taniguchi
JP,Ueno
JP,Matsui
JP,Kōno
JP,Kawano
JP,Ichikawa
JP,Watanabe
JP,Watabe
JP,Nomura
JP,Kikuchi
JP,Kinoshita
KZ,Ahmetov
KZ,Omarov
KZ,Kim
KZ,Ospanov
KZ,Ivanov
KZ,Aliev
KZ,Suleimenov
KZ,Iskakov
KZ,Abdrahmanov
KZ,Ibragimov
KZ,Kaliev
KZ,Sadykov
KZ,Ibraev
KZ,Kuznetsov
KZ,Popov
KZ,Smagulov
KZ,Abdullaev
KZ,Isaev
KZ,Sultanov
KZ,Iusupov
KZ,Ismailov
KZ,Nurgaliev
KZ,Karimov
KZ,Серик
KZ,Li
KZ,Tsoi
KZ,Amangeldy
KZ,Bolat
KZ,Bondarenko
KZ,Marat
KZ,Серикбай
KZ,Murat
KZ,Kusainov
KR,Gim
KR,Kim
KR,Ghim
KR,Yi
KR,Lee
KR,Rhee
KR,Pak
KR,Bak
KR,Park
KR,Choy
KR,Choe
KR,Joy
KR,Choi
KR,Young
KR,Jung
KR,Chung
KR,Cheong
KR,Jeong
KR,Gang
KR,Kang
KR,Ghang
KR,Jo
KR,Cho
KR,Joe
KR,Yoon
KR,Yun
KR,Youn
KR,Jang
KR,Chang
KR,Rim
KR,Im
KR,Lim
KR,Rhim
KR,Han
KR,Oh
KR,O
KR,Seoh
KR,Suh
KR,Seo
KR,Shin
KR,Sin
KR,Gwon
KR,Kuen
KR,Kwon
KR,Hwang
KR,Huang
KR,An
KR,Ahn
KR,Song
KR,Yu
KR,Ryoo
KR,Yoo
KR,Ryu
KR,Cheon
KR,Jun
KR,Chun
KR,Jeon
KR,Hong
KR,Koh
KR,Goh
KR,Go
KR,Ko
KR,Mon
KR,Munn
KR,Mun
KR,Moon
KR,Yang
KR,Ryang
KR,Son
KR,Sohn
KR,Sonn
KR,Pae
KR,Bae
KR,Bai
KR,Pai
KR,Jo
KR,Cho
KR,Bhak
KR,Paik
KR,Bak
KR,Baek
KR,Phak
KR,Pak
KR,Hur
KR,Heo
KR,Her
KR,Hui
KR,Liu
KR,Yoo
KR,Yu
KR,Lau
KR,Yau
KR,Nan
KR,Nham
KR,Nam
KR,Shen
KR,Sim
KR,Shim
KR,Roh
KR,No
KR,Noh
KR,Jung
KR,Jeong
KR,Ha
KR,Hah
KR,Gwak
KR,Kwak
KR,Koak
KR,Seong
KR,Sung
KR,Shung
KR,Shong
KR,Cha
KR,Chu
KR,Zhu
KR,Juu
KR,Ju
KR,Choo
KR,Zuu
KR,Joo
KR,Woo
KR,U
KR,Goo
KR,Gu
KR,Koo
KR,Shin
KR,Sin
KR,Im
KR,Yim
KR,La
KR,Na
KR,Ra
KR,Jun
KR,Jeon
KR,Min
KR,Yoo
KR,Yu
KR,Jean
KR,Jin
KR,Jen
KR,Chen
KR,Ji
KR,Jee
KR,Um
KR,Eom
KR,Uhm
NP,Chaudhary
NP,Chowdhury
NP,Tamang
NP,Gurung
NP,Thapa
NP,Rana
NP,Yadav
NP,Magar
NP,Rai
NP,Shrestha
NP,Lama
NP,Chetry
NP,Chhetri
NP,Shah
NP,Sah 
NP,Sharma
NP,Singh
NP,Bishwakarma
NP,Maharjan
NP,Nepali 
NP,Pariyar
NP,Pokharel
NP,Pokhrel 
NP,Tharu
PH,dela Cruz
PH,Garcia
PH,Reyes
PH,Ramos
PH,Mendoza
PH,Santos
PH,Flores
PH,Gonzales
PH,Bautista
PH,Villanueva
PH,Fernandez
PH,Cruz
PH,de Guzman
PH,Lopez
PH,Perez
PH,Castillo
PH,Francisco
PH,Rivera
PH,Aquino
PH,Castro
PH,Sanchez
PH,Torres
PH,de Leon
PH,Domingo
PH,Martinez
PH,Rodriguez
PH,Santiago
PH,Soriano
PH,delos Santos
PH,Diaz
PH,Hernandez
PH,Tolentino
PH,Valdez
PH,Ramirez
PH,Morales
PH,Mercado
PH,Tan
PH,Aguilar
PH,Navarro
PH,Manalo
PH,Gomez
PH,Dizon
PH,del Rosario
PH,Javier
PH,Corpuz
PH,Gutierrez
PH,Salvador
PH,Velasco
PH,Miranda
PH,David
RU,Smirnov
RU,Ivanov
RU,Kuznetsov
RU,Popov
RU,Sokolov
RU,Lebedev
RU,Kozlov
RU,Novikov
RU,Morozov
RU,Petrov
RU,Volkov
RU,Solovyov
RU,Vasilyev
RU,Zaytsev
RU,Pavlov
RU,Semyonov
RU,Golubev
RU,Vinogradov
RU,Bogdanov
RU,Vorobyov
LK,Perera
LK,Fernando
LK,de Silva
LK,Bandara
LK,Kumara
LK,Dissanayake
LK,Mohamed
LK,Gamage
LK,Liyanage
LK,Jayasinghe
LK,Ranasinghe
LK,Herath
LK,Weerasinghe
LK,Peiris
LK,Rathnayake
LK,Wickramasinghe
LK,Wijesinghe
LK,Hettiarachchi
LK,Nanayakkara
LK,Ahamed
LK,Rajapaksha
LK,Mendis
LK,Pathirana
LK,Ekanayake
LK,Gunasekara
LK,Dias
LK,Sampath
LK,Amarasinghe
LK,Ratnayake
LK,Chathuranga
LK,Senanayake
LK,Samarasinghe
LK,Lakmal
LK,Munasinghe
LK,Rodrigo
LK,Seneviratne
LK,Rathnayaka
LK,Edirisinghe
LK,Jayawardena
LK,Fonseka
LK,Sanjeewa
LK,Gunawardana
LK,Gunawardena
LK,Karunaratne
LK,Jayaweera
LK,Jayasekara
LK,Ranaweera
LK,Jayawardana
LK,Jayasuriya
LK,Madusanka
TR,Yılmaz
TR,Kaya
TR,Demir
TR,Şahin
TR,Çelik
TR,Yıldız
TR,Yıldırım
TR,Öztürk
TR,Aydın
TR,Özdemir
TR,Arslan
TR,Doğan
TR,Kılıç
TR,Aslan
TR,Çetin
TR,Kara
TR,Koç
TR,Kurt
TR,Özkan
TR,Şimşek
VN,Nguyễn
VN,Trần
VN,Lê
VN,Phạm
VN,Huỳnh/Hoàng
VN,Phan
VN,Vũ/Võ
VN,Đặng
VN,Bùi
VN,Đỗ
VN,Hồ
VN,Ngô
VN,Dương
VN,Lý
VN,Phí
VN,Đào
VN,Đoàn
VN,Vương
VN,Trịnh
VN,Trương
VN,Lâm
VN,Phùng
VN,Mai
VN,Tô
VN,Hà
VN,Tạ
VN,Thân
VN,Trác
VN,Tống
VN,Hoa
VN,Khúc
VN,Từ
VN,Thường
VN,Tiêu
VN,Ngọ
VN,Kim
VN,Quách
VN,Đàm
VN,Triệu
VN,Mạc
VN,Thái
VN,Lưu
VN,Thạch
VN,Lương
TW,Can
TW,Ting
TW,Ch'en
TW,Chun
TW,Chan
TW,Tân
TW,Chén
TW,Lín
TW,Lin
TW,Liem
TW,Lum
TW,Lîm
TW,Lam
TW,Lim
TW,Vang
TW,Wang
TW,Ng
TW,Huang
TW,Ung
TW,Huáng
TW,Wong
TW,Eng
TW,Zoeng
TW,Chang
TW,Chong
TW,Tiong
TW,Teoh
TW,Teo
TW,Cheong
TW,Zhāng
TW,Tiu
TW,Cheung
TW,Lǐ
TW,Lei
TW,Li
TW,Lee
TW,Lí
TW,Le
TW,Wang
TW,Heng
TW,Ông
TW,Wáng
TW,Vong
TW,Gô͘
TW,Ngô͘
TW,Gouw
TW,Wu
TW,Wú
TW,Woo
TW,Goh
TW,Liu
TW,Low
TW,Liú
TW,Lou
TW,Lâu
TW,Lao
TW,Lau
TW,Ts'ai
TW,Tsoi
TW,Chua
TW,Coi
TW,Choi
TW,Tsay
TW,Cài
TW,Choy
TW,Choa
TW,Chhoà
TW,Toy
TW,Chai
TW,Yang
TW,Young
TW,Iû
TW,Joeng
TW,Yáng
TW,Eaw
TW,Ieong
TW,Yeong
TW,Yeung
AL,Hoxha
AL,Prifti
AL,Shehu
AL,Dervishi
AL,Bektashi
AL,Begu
AL,Gjoni
AL,Leka
AL,Gjoni
AL,Murati
AL,Mehmeti
AL,Hysi
AL,Gjika
AL,Marku
AL,Kola
AL,Kolla
AL,Nikolla
AL,Hasani
AL,Kristi
AL,Kristo
AL,Luka
AL,Brahimi
AL,Sinani
AL,Thanasi
AL,Halili
AL,Abazi
AL,Dibra
AL,Laçi
AL,Shkodra
AL,Prishtina
AL,Delvina
AL,Koroveshi
AL,Përmeti
AL,Frashëri
AL,Gegaj
AL,Gega
AL,Toska
AL,Toskaj
AL,Çami
AL,Kelmendi
AL,Shkreli
AL,Berisha
AL,Krasniqi
AL,Gashi
AL,Kuqi
AL,Bardhi
AT,Gruber
AT,Huber
AT,Bauer
AT,Wagner
AT,Müller
AT,Pichler
AT,Steiner
AT,Moser
AT,Mayer
AT,Hofer
AT,Leitner
AT,Berger
AT,Fuchs
AT,Eder
AT,Fischer
AT,Schmid
AT,Winkler
AT,Weber
AT,Schwarz
AT,Maier
AT,Schneider
AT,Reiter
AT,Mayr
AT,Schmidt
AT,Wimmer
AT,Egger
AT,Brunner
AT,Lang
AT,Baumgartner
AT,Auer
AT,Binder
AT,Lechner
AT,Wolf
AT,Wallner
AT,Aigner
AT,Ebner
AT,Koller
AT,Lehner
AT,Haas
AT,Schuster
AT,Heilig
BY,Ivanoŭ
BY,Kazloŭ
BY,Kavalioŭ
BY,Kazloŭski
BY,Novik
BE,Peeters
BE,Janssens
BE,Maes
BE,Jacobs
BE,Mertens
BE,Willems
BE,Claes
BE,Goossens
BE,Wouters
BE,De Smet
BE,Dubois
BE,Lambert
BE,Dupont
BE,Martin
BE,Diallo
BE,Simon
BE,Dumont
BE,Leclercq
BE,Laurent
BE,Denis
BE,Lejeune
BE,Bah
BE,Barry
BE,Nguyen
BE,Sow
BE,Benali
BA,Hodžić
BA,Hadžić
BA,Čengić
BA,Delić
BA,Demirović
BA,Kovačević
BA,Tahirović
BA,Ferhatović
BA,Muratović
BA,Ibrahimović
BA,Hasanović
BA,Mehmedović
BA,Salihović
BA,Terzić
BA,Ademović
BA,Adilović
BA,Delemović
BA,Zukić
BA,Krličević
BA,Suljić
BA,Ahmetović
BA,Kovačević
BA,Subotić
BA,Savić
BA,Popović
BA,Jovanović
BA,Petrović
BA,Đurić
BA,Babić
BA,Lukić
BA,Knežević
BA,Marković
BA,Ilić
BA,Đukić
BA,Vuković
BA,Vujić
BA,Simić
BA,Radić
BA,Nikolić
BA,Marić
BA,Mitrović
BA,Tomić
BA,Božić
BA,Golubović
BA,Mirković
BG,Ivanov
BG,Ivanova
BG,Georgiev
BG,Georgieva
BG,Dimitrov
BG,Dimitrova
BG,Petrov
BG,Petrova
BG,Nikolov
BG,Nikolova
BG,Hristov
BG,Hristova
BG,Stoyanova
BG,Stoyanov
BG,Todorova
BG,Todorov
BG,Iliev
BG,Ilieva
BG,Angelov
BG,Angelova
HR,Horvat
HR,Kovačević
HR,Babić
HR,Marić
HR,Jurić
HR,Novak
HR,Kovačić
HR,Knežević
HR,Vuković
HR,Marković
HR,Petrović
HR,Matić
HR,Tomić
HR,Pavlović
HR,Kovač
HR,Božić
HR,Blažević
HR,Grgić
HR,Pavić
HR,Radić
HR,Perić
HR,Filipović
HR,Šarić
HR,Lovrić
HR,Vidović
HR,Perković
HR,Popović
HR,Bošnjak
HR,Jukić
HR,Barišić
CZ,Novák
CZ,Nováková
CZ,Svobodová
CZ,Svoboda
CZ,Novotný
CZ,Novotná
CZ,Dvořáková
CZ,Dvořák
CZ,Černá
CZ,Černý
CZ,Procházková
CZ,Procházka
CZ,Kučera
CZ,Kučerová
CZ,Veselý
CZ,Veselá
CZ,Horáková
CZ,Horák
CZ,Němec
CZ,Němcová
DK,Nielsen
DK,Jensen
DK,Hansen
DK,Pedersen
DK,Andersen
DK,Christensen
DK,Larsen
DK,Sørensen
DK,Rasmussen
DK,Jørgensen
DK,Petersen
DK,Madsen
DK,Kristensen
DK,Olsen
DK,Thomsen
DK,Christiansen
DK,Poulsen
DK,Johansen
DK,Møller
DK,Mortensen
FO,Joensen
FO,Hansen
FO,Jacobsen
FO,Olsen
FO,Petersen
FO,Poulsen
FO,Johannesen
FO,Thomsen
FO,Nielsen
FO,Rasmussen
FO,Djurhuus
FO,Johansen
FO,Simonsen
FO,Danielsen
FO,Jensen
FO,Mortensen
FO,Højgaard
FO,Mikkelsen
FO,Sørensen
FO,Dam
EE,Ivanov
EE,Tamm
EE,Saar
EE,Sepp
EE,Mägi
EE,Smirnov
EE,Vassiljev
EE,Petrov
EE,Kask
EE,Kukk
EE,Kuznetsov
EE,Rebane
EE,Karpin
EE,Ilves
EE,Mihhailov
EE,Pärn
EE,Pavlov
EE,Semjonov
EE,Koppel
EE,Andrejev
EE,Aleksejev
FI,Korhonen
FI,Virtanen
FI,Mäkinen
FI,Nieminen
FI,Mäkelä
FI,Hämäläinen
FI,Laine
FI,Heikkinen
FI,Koskinen
FI,Järvinen
FI,Lehtonen
FI,Lehtinen
FI,Saarinen
FI,Salminen
FI,Heinonen
FI,Niemi
FI,Heikkilä
FI,Kinnunen
FI,Salonen
FI,Turunen
FI,Salo
FI,Laitinen
FI,Tuominen
FI,Rantanen
FI,Karjalainen
FI,Jokinen
FI,Mattila
FI,Savolainen
FI,Lahtinen
FI,Ahonen
FR,Martin
FR,Bernard
FR,Dubois
FR,Thomas
FR,Robert
FR,Richard
FR,Petit
FR,Durand
FR,Leroy
FR,Moreau
FR,Simon
FR,Laurent
FR,Lefebvre
FR,Michel
FR,Garcia
FR,David
FR,Bertrand
FR,Roux
FR,Vincent
FR,Fournier
FR,Morel
FR,Girard
FR,André
FR,Lefèvre
FR,Mercier
FR,Dupont
FR,Lambert
FR,Bonnet
FR,François
FR,Martinez
DE,Müller
DE,Schmidt
DE,Schneider
DE,Fischer
DE,Meyer
DE,Weber
DE,Wagner
DE,Schulz
DE,Becker
DE,Hoffmann
GR,Samaras
GR,Papoutsis
GR,Kritikos
GR,Aivaliotis
GR,Kontos
GR,Mytaras
GR,Koufos
HU,Nagy
HU,Kovács
HU,Tóth
HU,Szabó
HU,Horváth
HU,Varga
HU,Kiss
HU,Molnár
HU,Németh
HU,Farkas
HU,Balogh
HU,Papp
HU,Lakatos
HU,Takács
HU,Juhász
HU,Mészáros
HU,Oláh
HU,Simon
HU,Rácz
HU,Fekete
HU,Szilágyi
HU,Török
HU,Fehér
HU,Balázs
HU,Gál
IS,Blöndal
IS,Thorarensen
IS,Hansen
IS,Olsen
IS,Andersen
IS,Petersen
IS,Möller
IS,Nielsen
IS,Waage
IS,Bergmann
IS,Briem
IS,Thorlacius
IS,Jensen
IS,Hjaltalín
IS,Scheving
IS,Petersen
IS,Kvaran
IS,Fjeldsted
IS,Norðdahl
IS,Berndsen
IE,Murphy
IE,Kelly
IE,O'Kelly
IE,Sullivan
IE,O'Sullivan
IE,Walsh
IE,Smith
IE,O'Brien
IE,Byrne
IE,O'Byrne
IE,O'Ryan
IE,Ryan
IE,O'Connor
IE,O'Neill
IE,Reilly
IE,O'Reilly
IE,Doyle
IE,McCarthy
IE,Gallagher
IE,O'Gallagher
IE,O'Doherty
IE,Doherty
IE,Kennedy
IE,Lynch
IE,Murray
IE,O'Quinn
IE,Quinn
IE,O'Moore
IE,Moore
IT,Rossi
IT,Russo
IT,Ferrari
IT,Esposito
IT,Bianchi
IT,Romano
IT,Colombo
IT,Bruno
IT,Ricci
IT,Greco
IT,Marino
IT,Gallo
IT,De Luca
IT,Conti
IT,Costa
IT,Mancini
IT,Giordano
IT,Rizzo
IT,Lombardi
IT,Barbieri
IT,Moretti
IT,Fontana
IT,Caruso
IT,Mariani
IT,Ferrara
IT,Santoro
IT,Rinaldi
IT,Leone
IT,D'Angelo
IT,Longo
IT,Galli
IT,Martini
IT,Martinelli
IT,Serra
IT,Conte
IT,Vitale
IT,De Santis
IT,Marchetti
IT,Messina
IT,Gentile
IT,Villa
IT,Marini
IT,Lombardo
IT,Coppola
IT,Ferri
IT,Parisi
IT,De Angelis
IT,Bianco
IT,Amato
IT,Fabbri
IT,Gatti
IT,Sala
IT,Morelli
IT,Grasso
IT,Pellegrini
IT,Ferraro
IT,Monti
IT,Palumbo
IT,Grassi
IT,Testa
IT,Valentini
IT,Carbone
IT,Benedetti
IT,Silvestri
IT,Farina
IT,D'Amico
IT,Martino
IT,Bernardi
IT,Caputo
IT,Mazza
IT,Sanna
IT,Fiore
IT,De Rosa
IT,Pellegrino
IT,Giuliani
IT,Rizzi
IT,Di Stefano
IT,Cattaneo
IT,Rossetti
IT,Orlando
IT,Basile
IT,Neri
IT,Barone
IT,Palmieri
IT,Riva
IT,Romeo
IT,Franco
IT,Sorrentino
IT,Pagano
IT,D'Agostino
IT,Piras
IT,Ruggiero
IT,Montanari
IT,Battaglia
IT,Bellini
IT,Castelli
IT,Guerra
IT,Poli
IT,Valente
IT,Ferretti
XK,Krasniqi
XK,Gashi
XK,Berisha
XK,Morina
XK,Shala
XK,Bytyqi
XK,Hasani
XK,Kastrati
XK,Kryeziu
XK,Hoti
XK,Fatime
XK,Bajram
XK,Emine
XK,Bekim
XK,Afërdita
XK,Valon
XK,Egzon
XK,Arben
XK,Ramadan
XK,Muhamet
LV,Bērziņš
LV,Kalniņš
LV,Ozoliņš
LV,Jansons
LV,Ozols
LV,Liepiņš
LV,Krūmiņš
LV,Balodis
LV,Eglītis
LV,Zariņš
LV,Pētersons
LV,Vītols
LV,Kļaviņš
LV,Kārkliņš
LV,Vanags
LT,Kazlauskienė
LT,Kazlauskas
LT,Jankauskas
LT,Jankauskienė
LT,Petrauskas
LT,Petrauskienė
LT,Stankevičienė
LT,Stankevičius
LT,Vasiliauskas
LT,Vasiliauskienė
LT,Butkus
LT,Butkienė
LT,Žukauskienė
LT,Žukauskas
LT,Paulauskas
LT,Paulauskienė
LT,Urbonas
LT,Urbonienė
LT,Kavaliauskas
LT,Kavaliauskienė
LU,Schmit
LU,Muller
LU,Weber
LU,Hoffmann
LU,Wagner
LU,Thill
LU,Schmitz
LU,Schroeder
LU,Reuter
LU,Klein
LU,Becker
LU,Kieffer
LU,Kremer
LU,Faber
LU,Meyer
LU,Schneider
LU,Weiss
LU,Schiltz
LU,Simon
LU,Welter
LU,Hansen
LU,Majerus
LU,Ries
LU,Meyers
LU,Kayser
LU,Steffen
LU,Krier
LU,Braun
LU,Wagener
LU,Diederich
MT,Borg
MT,Camilleri
MT,Vella
MT,Farrugia
MT,Zammit
MT,Galea
MT,Micallef
MT,Grech
MT,Attard
MT,Spiteri
MD,Rusu
MD,Ceban
MD,Ciobanu
MD,Țurcan
MD,Cebotari
MD,Sîrbu
MD,Lungu
MD,Munteanu
MD,Rotari
MD,Popa
MD,Ursu
MD,Guțu
MD,Roșca
MD,Melnic
MD,Cojocari
ME,Popović
ME,Marković
ME,Vujović
ME,Radović
ME,Ivanović
ME,Radulović
ME,Jovanović
ME,Perović
ME,Vuković
ME,Kovačević
NL,De Jong
NL,Jansen
NL,De Vries
NL,Van den Berg
NL,Van Dijk
NL,Van Dyk
NL,Bakker
NL,Janssen
NL,Visser
NL,Smit
NL,Meijer
NL,Meyer
NL,De Boer
NL,Mulder
NL,De Groot
NL,Bos
NL,Vos
NL,Peters
NL,Hendriks
NL,Van Leeuwen
NL,Dekker
NL,Brouwer
NL,De Wit
NL,Dijkstra
NL,Smits
NL,De Graaf
NL,Van der Meer
MK,Andov
MK,Angelov
MK,Bogdanov
MK,Bozinov
MK,Brankov
MK,Damcevski
MK,Davidov
MK,Dimitrov
MK,Donev
MK,Filipov
MK,Georgiev
MK,Ivanov
MK,Ivanovski
MK,Janev
MK,Kitanovski
MK,Koloski
MK,Kostovski
MK,Kostov
MK,Manasievski
MK,Markov
MK,Markovski
MK,Markoski
MK,Matovski
MK,Mladenovski
MK,Nikolovski
MK,Pavlovski
MK,Penov
MK,Petkov
MK,Petrevski
MK,Petrovski
MK,Popoff
MK,Popovski
MK,Ristevski
MK,Stojanov
MK,Trajanoski
MK,Trajanovski
MK,Trajcevski
MK,Trajkovski
NO,Hansen
NO,Johansen
NO,Olsen
NO,Larsen
NO,Andersen
NO,Pedersen
NO,Nilsen
NO,Kristiansen
NO,Jensen
NO,Karlsen
NO,Johnsen
NO,Pettersen
NO,Eriksen
NO,Berg
NO,Haugen
NO,Hagen
NO,Johannessen
NO,Andreassen
NO,Jacobsen
NO,Dahl
NO,Jørgensen
NO,Halvorsen
NO,Henriksen
NO,Lund
PL,Nowak
PL,Kowalski
PL,Wiśniewski
PL,Wójcik
PL,Kowalczyk
PL,Kamiński
PL,Lewandowski
PL,Zieliński
PL,Szymański
PL,Woźniak
PL,Dąbrowski
PL,Kozłowski
PL,Jankowski
PL,Mazur
PL,Kwiatkowski
PL,Wojciechowski
PL,Krawczyk
PL,Kaczmarek
PL,Piotrowski
PL,Grabowski
PT,Silva
PT,Santos
PT,Ferreira
PT,Pereira
PT,Oliveira
PT,Costa
PT,Rodrigues
PT,Martins
PT,Jesus
PT,Sousa
PT,Fernandes
PT,Gonçalves
PT,Gomes
PT,Lopes
PT,Marques
PT,Alves
PT,Almeida
PT,Ribeiro
PT,Pinto
PT,Carvalho
PT,Teixeira
PT,Moreira
PT,Correia
PT,Mendes
PT,Nunes
PT,Soares
PT,Vieira
PT,Monteiro
PT,Cardoso
PT,Rocha
PT,Neves
PT,Coelho
PT,Cruz
PT,Cunha
PT,Pires
PT,Duarte
PT,Reis
PT,Simões
PT,Antunes
PT,Matos
PT,Fonseca
PT,Machado
PT,Araújo
PT,Barbosa
PT,Tavares
PT,Lourenço
PT,Castro
PT,Figueiredo
PT,Azevedo
PT,Freitas
RO,Popa
RO,Popescu
RO,Pop
RO,Radu
RO,Dumitru
RO,Stan
RO,Stoica
RO,Gheorghe
RO,Matei
RO,Ciobanu
RO,Ionescu
RO,Rusu
RS,Jovanović
RS,Petrović
RS,Nikolić
RS,Marković
RS,Đorđević
RS,Stojanović
RS,Ilić
RS,Stanković
RS,Pavlović
RS,Milošević
SK,Horváth
SK,Kováč
SK,Varga
SK,Tóth
SK,Nagy
SK,Baláž
SK,Szabó
SK,Molnár
SK,Balog
SK,Lukáč
SK,Novák
SK,Kovács
SK,Polák
SK,Gajdoš
SK,Kollár
SK,Hudák
SK,Neméth
SK,Kováčik
SK,Oláh
SK,Oravec
SI,Novak
SI,Horvat
SI,Kovačič
SI,Krajnc
SI,Zupančič
SI,Potočnik
SI,Kovač
SI,Mlakar
SI,Kos
SI,Vidmar
SI,Golob
SI,Turk
SI,Božič
SI,Kralj
SI,Korošec
SI,Zupan
SI,Bizjak
SI,Hribar
SI,Kotnik
SI,Kavčič
SI,Rozman
SI,Kastelic
SI,Oblak
SI,Žagar
SI,Petek
SI,Hočevar
SI,Kolar
SI,Košir
SI,Koren
SI,Klemenčič
ES,García
ES,Fernández
ES,González
ES,Rodríguez
ES,López
ES,Martínez
ES,Sánchez
ES,Pérez
ES,Martín
ES,Gómez
ES,Ruiz
ES,Hernández
ES,Jiménez
ES,Díaz
ES,Álvarez
ES,Moreno
ES,Muñoz
ES,Alonso
ES,Gutiérrez
ES,Romero
ES,Navarro
ES,Torres
ES,Domínguez
ES,Gil
ES,Vázquez
ES,Serrano
ES,Ramos
ES,Blanco
ES,Sanz
ES,Castro
ES,Suárez
ES,Ortega
ES,Rubio
ES,Molina
ES,Delgado
ES,Ramírez
ES,Morales
ES,Ortiz
ES,Marín
ES,Iglesias
SV,Hernández
SV,Martínez
SV,López
SV,García
SV,Rodríguez
SV,Flores
SV,Pérez
SV,Ramírez
SV,González
SV,Rivera
SV,Vásquez
SV,Cruz
SV,Mejía
SV,Rivas
SV,Sánchez
SV,Reyes
SV,Díaz
SV,Ramos
SV,Gómez
SV,Portillo
SV,Escobar
SV,Orellana
SV,Romero
SV,Aguilar
SV,Alvarado
CH,Müller
CH,Meier
CH,Schmid
CH,Keller
CH,Weber
CH,Huber
CH,Meyer
CH,Schneider
CH,Steiner
CH,Fischer
CH,Brunner
CH,Baumann
CH,Gerber
CH,Frei
CH,Moser
UA,Melnyk
UA,Shevchenko
UA,Boyko
UA,Kovalenko
UA,Bondarenko
UA,Tkachenko
UA,Kovalchuk
UA,Kravchenko
UA,Yakovenko
UA,Shevchuk
UA,Koval
UA,Polishchuk
UA,Bondar
UA,Tkachuk
UA,Moroz
UA,Marchenko
UA,Lysenko
UA,Rudenko
UA,Savchenko
UA,Petrenko
GB,Brown
GB,Smith
GB,Patel
GB,Jones
GB,Williams
GB,Johnson
GB,Taylor
GB,Thomas
GB,Roberts
GB,Khan
GB,Lewis
GB,Jackson
GB,Clarke
GB,James
GB,Phillips
GB,Wilson
GB,Ali
GB,Mason
GB,Mitchell
GB,Rose
GB,Davis
GB,Davies
GB,Rodríguez
GB,Cox
GB,Alexander
CA,Smith
CA,Brown
CA,Tremblay
CA,Martin
CA,Roy
CA,Gagnon
CA,Lee
CA,Wilson
CA,Johnson
CA,MacDonald
CR,Hernández
CR,Mora
CR,Rodríguez
CR,González
CR,Jiménez
CR,Morales
CR,Sánchez
CR,Ramírez
CR,Pérez
CR,Calderón
CR,Gutiérrez
CR,Rojas
CR,Vargas
CR,Torres
CR,Salas
CR,Segura
CR,Valverde
CR,Villalobos
CR,Araya
CR,Herrera
CR,López
CR,Madrigal
CU,Rodríguez
CU,Pérez
CU,Martinez
CU,García
CU,Reyes
CU,Sánchez
CU,Díaz
CU,Peña
CU,Jiménez
CU,Ramírez
CU,Hernández
CU,Rosario
CU,González
CU,Santana
CU,Núñez
CU,Castillo
CU,de la Cruz
CU,Cruz
CU,Guzmán
CU,Gómez
CU,Santos
CU,López
CU,Fuentes
CU,Vásquez
CU,De Los Santos
CU,Mejía
CU,Ponce
CU,Fernández
CU,Vargas
CU,Montes
DO,Rodríguez
DO,Pérez
DO,Martinez
DO,García
DO,Reyes
DO,Sánchez
DO,Díaz
DO,Peña
DO,Jiménez
DO,Ramírez
DO,Hernández
DO,Rosario
DO,González
DO,Santana
DO,Núñez
DO,Castillo
DO,de la Cruz
DO,Cruz
DO,Guzmán
DO,Gómez
DO,Santos
DO,López
DO,Fuentes
DO,Vásquez
DO,De Los Santos
DO,Mejía
DO,Ponce
DO,Fernández
DO,Vargas
DO,Montes
GT,López
GT,García
GT,Morales
GT,Hernández
GT,Pérez
GT,González
GT,Rodríguez
GT,De León
GT,Ramírez
GT,Martínez
GT,Castillo
GT,Estrada
GT,Marroquín
GT,Gómez
GT,Vásquez
GT,Méndez
GT,Reyes
GT,Díaz
GT,Aguilar
GT,Velásquez
MX,Hernández
MX,García
MX,Martínez
MX,González
MX,López
MX,Rodríguez
MX,Pérez
MX,Sánchez
MX,Ramírez
MX,Flores
MX,Gómez
MX,Torres
MX,Díaz
MX,Vásquez
MX,Cruz
MX,Morales
MX,Gutiérrez
MX,Reyes
MX,Ruíz
MX,Jiménez
MX,Mendoza
MX,Aguilar
MX,Ortíz
MX,Álvarez
MX,Castillo
MX,Romero
MX,Moreno
MX,Chávez
MX,Rivera
MX,Ramos
MX,Herrera
MX,Medina
MX,Vargas
MX,Castro
MX,Méndez
MX,Guzmán
MX,Fernández
MX,Juárez
MX,Muñoz
MX,Ortega
MX,Salazar
MX,Rojas
MX,Guerrero
MX,Contreras
MX,Luna
MX,Domínguez
MX,Garza
MX,Velásquez
MX,Estrada
MX,Soto
MX,Cortez
MX,Lara
MX,Espinoza
MX,Vega
MX,Ávila
MX,Cervantes
MX,Sandoval
MX,Carrillo
MX,Alvarado
MX,Silva
MX,León
MX,Ríos
MX,Navarro
MX,Delgado
MX,Márquez
MX,Campos
MX,Ibarra
MX,Solís
MX,Rosas
MX,Miranda
MX,Camacho
MX,Valdez
MX,Cárdenas
MX,Orozco
MX,Aguirre
MX,Mejía
MX,Acosta
MX,Padilla
MX,Robles
MX,Núñez
MX,Peña
MX,Cabrera
MX,Rosales
MX,Molina
MX,Pacheco
MX,Castañeda
MX,Fuentes
MX,Valenzuela
MX,Rangel
MX,Ayala
MX,Meza
MX,Nava
MX,Valencia
MX,Maldonado
MX,Ochoa
MX,Serrano
MX,Tapia
MX,Salinas
MX,Suárez
MX,Zamora
US,Smith
US,Johnson
US,Williams
US,Brown
US,Jones
US,Miller
US,Davis
US,Garcia
US,Rodriguez
US,Wilson
US,Martinez
US,Anderson
US,Taylor
US,Thomas
US,Hernandez
US,Moore
US,Martin
US,Jackson
US,Thompson
US,White
US,Lopez
US,Lee
US,Gonzalez
US,Harris
US,Clark
US,Lewis
US,Robinson
US,Walker
US,Perez
US,Hall
US,Young
US,Allen
US,Sanchez
US,Wright
US,King
US,Scott
US,Green
US,Baker
US,Adams
US,Nelson
US,Hill
US,Ramirez
US,Campbell
US,Mitchell
US,Roberts
US,Carter
US,Phillips
US,Evans
US,Turner
US,Torres
US,Parker
US,Collins
US,Edwards
US,Stewart
US,Flores
US,Morris
US,Nguyen
US,Murphy
US,Rivera
US,Cook
US,Rogers
US,Morgan
US,Peterson
US,Cooper
US,Reed
US,Bailey
US,Bell
US,Gomez
US,Kelly
US,Howard
US,Ward
US,Cox
US,Diaz
US,Richardson
US,Wood
US,Watson
US,Brooks
US,Bennett
US,Gray
US,James
US,Reyes
US,Cruz
US,Hughes
US,Price
US,Myers
US,Long
US,Foster
US,Sanders
US,Ross
US,Morales
US,Powell
US,Sullivan
US,Russell
US,Ortiz
US,Jenkins
US,Gutierrez
US,Perry
US,Butler
US,Barnes
US,Fisher
AU,Smith
AU,Jones
AU,Williams
AU,Brown
AU,Wilson
AU,Taylor
AU,Johnson
AU,White
AU,Martin
AU,Anderson
AU,Thompson
AU,Nguyen
AU,Turner
AU,Walker
AU,Harris
AU,Lee
AU,Ryan
AU,Robinson
AU,Kelly
AU,Murphy
FJ,Kumar
FJ,Prasad
FJ,Chand
FJ,Singh
FJ,Lal
FJ,Sharma
FJ,Narayan
FJ,Khan
FJ,Ali
FJ,Devi
FJ,Ram
FJ,Naidu
FJ,Chandra
FJ,Nand
FJ,Lata
FJ,Deo
FJ,Reddy
FJ,Prakash
FJ,Raj
FJ,Maharaj
FJ,Waqa
FJ,Goundar
NZ,Singh
NZ,Smith
NZ,Kaur
NZ,Williams
NZ,Patel
NZ,Wilson
NZ,Brown
NZ,Taylor
NZ,Jones
NZ,Sharma
AR,González
AR,Rodríguez
AR,Fernández
AR,García
AR,López
AR,Martínez
AR,Pérez
AR,Álvarez
AR,Gómez
AR,Sánchez
AR,Díaz
AR,Vásquez
AR,Castro
AR,Romero
AR,Suárez
AR,Blanco
AR,Ruiz
AR,Alonso
AR,Torres
AR,Domínguez
AR,Gutiérrez
AR,Sosa
AR,Iglesias
AR,Giménez
AR,Ramírez
AR,Martín
AR,Varela
AR,Ramos
AR,Núñez
AR,Rossi
AR,Silva
AR,Méndez
AR,Hernández
AR,Flores
AR,Pereyra
AR,Ferrari
AR,Ortiz
AR,Medina
AR,Benítez
AR,Herrera
AR,Arias
AR,Acosta
AR,Moreno
AR,Aguirre
AR,Otero
AR,Cabrera
AR,Rey
AR,Rojas
AR,Vidal
AR,Molina
AR,Russo
AR,Paz
AR,Vega
AR,Costa
AR,Bruno
AR,Romano
AR,Morales
AR,Ríos
AR,Miranda
AR,Muñoz
AR,Franco
AR,Castillo
AR,Campos
AR,Bianchi
AR,Luna
AR,Correa
AR,Ferreyra
AR,Navarro
AR,Quiroga
AR,Colombo
AR,Cohen
AR,Pereyra
AR,Vera
AR,Lorenzo
AR,Gil
AR,Santos
AR,Delgado
AR,Godoy
AR,Rivas
AR,Rivero
AR,Gallo
AR,Peralta
AR,Soto
AR,Figueroa
AR,Juárez
AR,Marino
AR,Ponce
AR,Calvo
AR,Ibáñez
AR,Cáceres
AR,Carrizo
AR,Vargas
AR,Mendoza
AR,Aguilar
AR,Ledesma
AR,Guzmán
AR,Soria
AR,Villalba
AR,Prieto
AR,Maldonado
BR,Silva
BR,Santos
BR,Sousa
BR,Oliveira
BR,Pereira
BR,Lima
BR,Carvalho
BR,Ferreira
BR,Rodrigues
BR,Almeida
BR,Costa
BR,Gomes
BR,Martins
BR,Araújo
BR,Melo
BR,Barbosa
BR,Ribeiro
BR,Alves
BR,Cardoso
BR,Schmitz
BR,Schmidt
BR,Rocha
BR,Correia
BR,Correa
BR,Dias
BR,Teixeira
BR,Fernandes
BR,Azevedo
BR,Cavalcante
BR,Cavalcanti
BR,Montes
BR,Morais
BR,Gonçalves
CL,González
CL,Muñoz
CL,Rojas
CL,Díaz
CL,Pérez
CL,Soto
CL,Contreras
CL,Silva
CL,Martínez
CL,Sepúlveda
CL,Morales
CL,Rodríguez
CL,López
CL,Fuentes
CL,Hernández
CL,Torres
CL,Araya
CL,Flores
CL,Espinoza
CL,Valenzuela
CL,Castillo
CL,Ramírez
CL,Reyes
CL,Gutiérrez
CL,Castro
CL,Vargas
CL,Álvarez
CL,Vásquez
CL,Tapia
CL,Fernández
CL,Sánchez
CL,Carrasco
CL,Gómez
CL,Cortés
CL,Herrera
CL,Núñez
CL,Jara
CL,Vergara
CL,Rivera
CL,Figueroa
CL,Riquelme
CL,García
CL,Miranda
CL,Bravo
CL,Vera
CL,Molina
CL,Vega
CL,Campos
CL,Sandoval
CL,Orellana
CL,Zúñiga
CL,Olivares
CL,Alarcón
CL,Gallardo
CL,Ortiz
CL,Garrido
CL,Salazar
CL,Guzmán
CL,Henríquez
CL,Saavedra
CL,Navarro
CL,Aguilera
CL,Parra
CL,Romero
CL,Aravena
CL,Pizarro
CL,Godoy
CL,Peña
CL,Cáceres
CL,Leiva
CL,Escobar
CL,Yáñez
CL,Valdés
CL,Vidal
CL,Salinas
CL,Cárdenas
CL,Jiménez
CL,Ruiz
CL,Lagos
CL,Maldonado
CL,Bustos
CL,Medina
CL,Pino
CL,Palma
CL,Moreno
CL,Sanhueza
CL,Carvajal
CL,Navarrete
CL,Sáez
CL,Alvarado
CL,Donoso
CL,Poblete
CL,Bustamante
CL,Toro
CL,Ortega
CL,Venegas
CL,Guerrero
CL,Paredes
CL,Farías
CL,San Martín
CO,Rodríguez
CO,Gómez
CO,González
CO,Martínez
CO,García
CO,López
CO,Hernández
CO,Sánchez
CO,Ramírez
CO,Pérez
CO,Díaz
CO,Muñoz
CO,Rojas
CO,Moreno
CO,Jiménez
PY,González
PY,Benítez
PY,Martínez
PY,López
PY,Giménez
PY,Vera
PY,Duarte
PY,Ramírez
PY,Villalba
PY,Fernández
PY,Gómez
PY,Acosta
PY,Rojas
PY,Ortiz
PY,Cáceres
PY,Rodríguez
PY,Ruiz
PY,Núñez
PY,Ayala
PY,Báez
PY,Galeano
PY,Herrera
PY,Franco
PY,Torres
PY,Cardozo
PE,Quispe
PE,Flores
PE,Sánchez
PE,Rodríguez
PE,García
PE,Rojas
PE,González
PE,Díaz
PE,Chávez
PE,Torres
PE,Ramírez
PE,Mendoza
PE,Ramos
PE,López
PE,Castillo
PE,Espinoza
PE,Vásquez
PE,Huamán
PE,Pérez
PE,Vargas
PE,Gutiérrez
PE,Fernández
PE,Castro
PE,Mamani
PE,Ruíz
PE,Romero
PE,Martínez
PE,Morales
PE,Reyes
PE,Salazar
SR,Lin
SR,Pinas
SR,Wong
SR,Chin
SR,Mohan
SR,Kalloe
SR,Singh
SR,Lie
SR,van Dijk
SR,Tjin
SR,Kluivert
SR,Semil
SR,Sabajo
